Workbook

Sheet Method Notes
A1: Method
A2: Instrumented Excel formula workflow for the fixed week 2020-06-01 to 2020-06-08 UTC.
A3: Durations use end minus start. Weekly rows use start timestamps in a half-open interval.
A4: This is a personal n=1 self-experiment, not a user study or a measured business benefit.
A5: Excel operation timing excludes human interpretation and learning time.

Sheet Weekly Report
A1: Weekly maintenance report
A3: Week start UTC | B3: 43983
A4: Week end UTC | B4: =B3+7 -> 43990
A6: Weekly event count | B6: =COUNTIF('Failure Events'!$H$2:$H$5,1) -> 1
A7: Longest duration h | B7: =_xlfn.MAXIFS('Failure Events'!$F$2:$F$5,'Failure Events'!$H$2:$H$5,1) -> 52.5
A8: Longest event | B8: =INDEX('Failure Events'!$A$2:$A$5,MATCH(1,INDEX(('Failure Events'!$H$2:$H$5=1)*('Failure Events'!$F$2:$F$5=$B$7),0),0)) -> E03
A9: Longest event type | B9: =INDEX('Failure Events'!$D$2:$D$5,MATCH($B$8,'Failure Events'!$A$2:$A$5,0)) -> Air Leak
A10: Highest weekly type duration h | B10: =SUMIFS('Failure Events'!$F$2:$F$5,'Failure Events'!$D$2:$D$5,$B$9,'Failure Events'!$H$2:$H$5,1) -> 52.5
A12: Q1: Longest annotated failure | B12: =$B$8 -> E03
A13: Q1: Duration h | B13: =$B$7 -> 52.5
A14: Q2: Highest-duration type | B14: =$B$9 -> Air Leak
A15: Q2: Cumulative duration h | B15: =$B$10 -> 52.5

Sheet Failure Events
A1: Event | B1: Start UTC | C1: End UTC | D1: Type | E1: Severity | F1: Duration h | G1: Week Start | H1: In Week | I1: Previous End UTC | J1: Gap Overlap h | K1: Maintenance Remark
A2: E01 | B2: 43939 | C2: 43939.999 | D2: Air Leak | E2: High Stress | F2: =(C2-B2)*24 -> 23.983333 | G2: =B2-WEEKDAY(B2,3) -> 43934 | H2: =IF(AND(B2>='Weekly Report'!$B$3,B2<'Weekly Report'!$B$4),1,0) -> 0 | J2: 0.095
A3: E02 | B3: 43980.979 | C3: 43981.25 | D3: Air Leak | E3: High Stress | F3: =(C3-B3)*24 -> 6.5 | G3: =B3-WEEKDAY(B3,3) -> 43976.979 | H3: =IF(AND(B3>='Weekly Report'!$B$3,B3<'Weekly Report'!$B$4),1,0) -> 0 | I3: =C2 -> 43939.999 | J3: 0 | K3: Maintenance on 30Apr at 12:00
A4: E03 | B4: 43987.417 | C4: 43989.604 | D4: Air Leak | E4: High Stress | F4: =(C4-B4)*24 -> 52.5 | G4: =B4-WEEKDAY(B4,3) -> 43983.417 | H4: =IF(AND(B4>='Weekly Report'!$B$3,B4<'Weekly Report'!$B$4),1,0) -> 1 | I4: =C3 -> 43981.25 | J4: 4.8205556 | K4: Maintenance on 8Jun at 16:00
A5: E04 | B5: 44027.604 | C5: 44027.792 | D5: Air Leak | E5: High Stress | F5: =(C5-B5)*24 -> 4.5 | G5: =B5-WEEKDAY(B5,3) -> 44025.604 | H5: =IF(AND(B5>='Weekly Report'!$B$3,B5<'Weekly Report'!$B$4),1,0) -> 0 | I5: =C4 -> 43989.604 | J5: 0.035833333 | K5: Maintenance on 16Jul at 00:00
